title,picture,price
Wendy App智能变频跳蛋女性自慰器G点手机无线遥控充电,https://mybanana.com.cn/images/img_1468548180249.jpg,283￥168
韩国ZINI布兰妮女用自慰器电动舌头震动按摩棒,https://mybanana.com.cn/images/img_14684905808877.jpg,271￥368
香港诺兰 蓝精灵无线遥控强震情趣跳蛋自慰器,https://mybanana.com.cn/images/img_14575185265157.jpg,258￥158
英国FOX 萌狐女用穿戴阳具无线遥控跳蛋震动按摩棒女性振动,https://mybanana.com.cn/images/img_14794599832410.jpg,319￥198
加拿大We-Vibe Touch 维依-触感,https://mybanana.com.cn/images/img_14429858477929.jpg,269￥759
加拿大The Swan Clutch天鹅缩阴球,https://mybanana.com.cn/images/img_14429175059871.jpg,305￥1109
美国KEY 多莉第二代无线美胸按摩仪,https://mybanana.com.cn/images/img_1446099358243.jpg,254￥399
luna露娜球经典款 缩阴球,https://mybanana.com.cn/images/img_14410065555509.jpg,326￥369
高端情趣 遥控按摩器,https://mybanana.com.cn/images/img_14417060598163.jpg,280￥249
布拉帕二代   Brapa Ⅱ丰胸器,https://mybanana.com.cn/images/img_14430885613728.jpg,262￥235
Melrose魅蓝 智能变频伸缩自慰器,https://mybanana.com.cn/images/img_14452320767159.jpg,273￥419
瑞典LELO蒂阿妮3,https://mybanana.com.cn/images/img_14634841019902.jpg,206￥1299
德国Nomi Tang优于巧克力,https://mybanana.com.cn/images/img_1442993906977.jpg,291￥469
LUNA Mini 露娜球迷你版,https://mybanana.com.cn/images/img_14410166826821.jpg,327￥369
瑞典皮克朋 阿珂・呵护,https://mybanana.com.cn/images/img_14415220225686.jpg,255￥340
瑞典PicoBong 欧妮小精灵跳蛋,https://mybanana.com.cn/images/img_14428211042389.jpg,240￥322
加拿大We-Vibe 维依3代,https://mybanana.com.cn/images/img_14429838625999.jpg,306￥1099
Kegel Bead露娜凯格尔缩阴球,https://mybanana.com.cn/images/img_14410979872423.jpg,243￥198
悦佳人 如意女用口交舔阴震动棒 女性两用自慰器按摩器,https://mybanana.com.cn/images/img_14798946612069.jpg,270￥219
罗格LG丰胸器成人情趣性用品女用自慰器,https://mybanana.com.cn/images/img_14604403618865.jpg,201￥215
香港诺兰 娅妮至尊金属缩阴球阴道哑铃缩阴球,https://mybanana.com.cn/images/img_14575896837483.jpg,305￥199
德国OVO  G点震动按摩跳蛋,https://mybanana.com.cn/images/img_14411845015836.jpg,265￥309
PicoBong 珂奇C点震动按摩棒,https://mybanana.com.cn/images/img_14428226274915.jpg,294￥359
lovemoment  自动伸缩炮机,https://mybanana.com.cn/images/img_14452271004277.jpg,252￥419
韩国ZINI-双翔,https://mybanana.com.cn/images/img_14408417608471.jpg,273￥1299
跳蛋强力震动棒,https://mybanana.com.cn/images/img_14392575495729.jpg,237￥119
LELO 黑珍珠后庭情趣珠,https://mybanana.com.cn/images/img_14409235967458.jpg,206￥319
瑞典PicoBong 玛哈娜双重奏,https://mybanana.com.cn/images/img_14428210801477.jpg,308￥539
瑞典 科瓦蜜月两性情趣玩具,https://mybanana.com.cn/images/img_14428226473724.jpg,227￥289
Luna Smart Bead cerise 智能露娜球,https://mybanana.com.cn/images/img_14410172415963.jpg,236￥850
罗格LG口交自慰吸阴器舔阴情趣用品,https://mybanana.com.cn/images/img_14604416535285.jpg,318￥190
德国Nomi Tang优于巧克力音乐版,https://mybanana.com.cn/images/img_1442994426717.jpg,180￥609
香港诺兰 艾曼隐私性趣男女挑逗 女用跳蛋,https://mybanana.com.cn/images/img_14575160854362.jpg,250￥79
诺兰小蝴蝶穿戴自慰器女用迷你跳蛋刺激阴蒂按摩器静音防水,https://mybanana.com.cn/images/img_14709018922366.jpg,283￥98
svakom luna露娜,https://mybanana.com.cn/images/img_14391977002475.jpg,253￥799
英国FOX 双鱼震动棒 加温款 女用AV振动棒刺激按摩棒成人性用品,https://mybanana.com.cn/images/img_14794602266.jpg,289￥178
悦佳人 如爱双头女用按摩震动棒女性自慰器阴蒂刺激双震充电自慰器,https://mybanana.com.cn/images/img_14798941535233.jpg,214￥299
香港诺兰 妞妞 智能无线遥控缩阴球,https://mybanana.com.cn/images/img_14575131137120.jpg,241￥249
西班牙ADRIEN LASTIC 蝌蚪蛋隐形可穿戴无线遥控充电跳蛋缩阴USB智能隐形跳蛋,https://mybanana.com.cn/images/img_15302608965634.jpg,15￥399
久爱 真肌霸插叉仿真阳具女用器具充电电动震动摇摆伸缩自慰器用品,https://mybanana.com.cn/images/img_15102982466034.jpg,63￥398
德国Fun 魔王四代振动器仿真阳具女用自慰器,https://mybanana.com.cn/images/img_14575990107216.jpg,322￥859
德国OVO  按摩器G点震动按摩跳蛋,https://mybanana.com.cn/images/img_14328824253219.jpg,244￥599
悦佳人 悦莹双头调情小跳蛋 女用自慰情侣调情按摩器具,https://mybanana.com.cn/images/img_14798936563421.jpg,267￥129
英国FOX 凯莉缩阴球 充电遥控震动按摩跳蛋女性自慰情趣成人性用品,https://mybanana.com.cn/images/img_14794596075842.jpg,210￥138
悦佳人 悦蕊女用跳蛋 充电情侣调情阴蒂震动按摩器具,https://mybanana.com.cn/images/img_14798934196510.jpg,286￥79
久爱 暖阳仿真加温阳具性爱机器自慰器女用震动棒,https://mybanana.com.cn/images/img_151063710438.jpg,112￥199
悦佳人 悦动摇摆AV棒 转珠震动旋转按摩器全硅胶充电七段变频,https://mybanana.com.cn/images/img_14798925506259.jpg,266￥269
久爱 战将喷水可穿戴仿真假阳具女性振动器女用震动棒,https://mybanana.com.cn/images/img_15102992501791.jpg,69￥199
久爱 猛男仿真男娃娃女用性爱娃娃实体阳具真人倒模,https://mybanana.com.cn/images/img_15106361729793.jpg,79￥549
悦佳人 悦芯男士锁精震动环 延时增粗男女共振情趣跳蛋七段变频硅胶充电全防水,https://mybanana.com.cn/images/img_14798930871328.jpg,231￥79
久爱 秘语拉拉穿戴声控仿真假阳具les女同用品器具,https://mybanana.com.cn/images/img_15106425341367.jpg,81￥159
悦佳人 悦美双用无线智能跳蛋 女用情趣调情护理跳蛋仿真器具,https://mybanana.com.cn/images/img_14798950472303.jpg,203￥168
久爱 滑膛炮伸缩加温阳具炮机女用仿真自慰器,https://mybanana.com.cn/images/img_15106287486091.jpg,105￥299
久爱 秘语蝴蝶声控无线遥控穿戴隐形震动棒双震自慰器,https://mybanana.com.cn/images/img_1510644262460.jpg,87￥179
香港诺兰 密道道G点刺激智能强力震动遥控情趣跳蛋,https://mybanana.com.cn/images/img_14887841709809.jpg,143￥199
西班牙ADRIEN LASTIC 诱惑可穿戴跳蛋最强震动男女夫妻共振,https://mybanana.com.cn/images/img_14933427986400.jpg,101￥399
西班牙ADRIEN LASTIC 飘摇全自动摇摆双震自慰棒智能调节感应互动震动棒,https://mybanana.com.cn/images/img_1523952241428.jpg,64￥399
香港诺兰 声韵智能无线遥控防水跳蛋女用震动棒,https://mybanana.com.cn/images/img_14887849791963.jpg,182￥199
LELO 索娜SONA声波吮吸式外部刺激按摩 女性自慰按摩器,https://mybanana.com.cn/images/img_15198072691877.jpg,47￥699
西班牙ADRIEN LASTIC 海洋风暴精灵可插入跳蛋最强震动遥控无线静音防水女用,https://mybanana.com.cn/images/img_14919045283685.jpg,124￥289
蒂贝 嗨蛋舌头吸舔器外部刺激女用自慰器按摩快乐器,https://mybanana.com.cn/images/img_15446887212637.jpg,31￥99
西班牙ADRIEN LASTIC 魔幻双龙男女共用遥控自慰器充电双头后庭震动棒,https://mybanana.com.cn/images/img_14918997384238.jpg,103￥899
西班牙ADRIEN LASTIC 亲吻迷你震动旋转按摩器5个替换按摩头套装,https://mybanana.com.cn/images/img_15046870855859.jpg,59￥459
西班牙ADRIEN LASTIC 音符AV棒充电G点高潮超强震动棒自慰器,https://mybanana.com.cn/images/img_14919017046568.jpg,97￥339
雷霆 口爱漩涡舌头舔阴器女用自慰器按摩吸恬器,https://mybanana.com.cn/images/img_15535855609222.jpg,1￥238
西班牙ADRIEN LASTIC 如意三阶段物理缩阴训练球私处锻练球套装女用自慰器,https://mybanana.com.cn/images/img_15046876922440.jpg,59￥198
SECWELL怡然国际 爱控智能遥控穿戴蝴蝶震动器 女用自慰遥控隐形阳具怡,https://mybanana.com.cn/images/img_15513350479732.jpg,41￥169
西班牙ADRIEN LASTIC 圣斗士可遥控充电震动环双马达防水震动,https://mybanana.com.cn/images/img_14919041662487.jpg,165￥399
雷霆 暴风亲吻鱼女用自慰仿真舌头震动吸舔器,https://mybanana.com.cn/images/img_15535874446171.jpg,1￥268
雷霆 热舌之吻女用仿真电动舌头女性吸舔自慰器智能加温震动棒,https://mybanana.com.cn/images/img_1553586658239.jpg,4￥298
Roomfun房趣 SM爱爱裤同性恋女另类道具玩具夫妻性爱房事调情助兴调教成人情趣性,https://mybanana.com.cn/images/img_15399432254396.jpg,42￥149
Roomfun房趣 爱爱腿带SM女用自慰器穿戴裤阳具拉拉女同夫妻情趣玩具性用品,https://mybanana.com.cn/images/img_1539943244220.jpg,29￥139
西班牙ADRIEN LASTIC 迷你邦妮变频旋转棒双重刺激G点C点双重震动棒,https://mybanana.com.cn/images/img_14918994524183.jpg,159￥459
西班牙ADRIEN LASTIC 钩魂新潮女性穿戴体验刺激震动二合一自慰器,https://mybanana.com.cn/images/img_14919004612639.jpg,95￥590
西班牙ADRIEN LASTIC 旋美360度旋转震动棒女用自慰器仿真阳具充电摇摆转珠棒,https://mybanana.com.cn/images/img_14918982982728.jpg,132￥569
西班牙ADRIEN LASTIC 维纳斯C点按摩棒三指震动非置入式阴蒂刺激,https://mybanana.com.cn/images/img_14919022322672.jpg,89￥699
香港诺兰 音乐人2代内外双震无线蓝牙远程声控G点女用按摩棒,https://mybanana.com.cn/images/img_1488788675826.jpg,115￥499
西班牙ADRIEN LASTIC 卡帕尔男女共用遥控自慰器充电双头后庭震动棒,https://mybanana.com.cn/images/img_14919011413033.jpg,181￥450
西班牙ADRIEN LASTIC  激浪双震动按摩棒G点潮吹利器充电AV振动棒,https://mybanana.com.cn/images/img_14919007636404.jpg,173￥369
雷霆 金刚狼伸缩阳具全自动炮机女用自慰器磁吸式充电,https://mybanana.com.cn/images/img_15535844898690.jpg,0￥338
雷霆 凯撒大帝自动冲击棒仿真阳具女性自慰按摩器,https://mybanana.com.cn/images/img_15537559701636.jpg,0￥238
SECWELL怡然国际 后庭遥控拉珠USB充电黑色菊花按摩,https://mybanana.com.cn/images/img_15520129979332.jpg,18￥128
美国Key 阴道哑铃缩阴三代女性产后恢复私处保养紧致私处,https://mybanana.com.cn/images/img_15460633336404.jpg,8￥259
美国Key 艾米遥控无线情趣跳蛋自慰器电动女用震动按摩棒,https://mybanana.com.cn/images/img_15460642425433.jpg,10￥169
蒂贝 烈火旋风战士双头女用仿真阳具伸缩炮机震动按摩器,https://mybanana.com.cn/images/img_15446888279365.jpg,16￥369
香港诺兰 觅芯20频震动棒AV棒女用防水静音充电自慰器,https://mybanana.com.cn/images/img_1488783732376.jpg,99￥168
